
-- ----------------------------
-- Records of gem_tab_dictionary
-- ----------------------------
INSERT INTO `gem_tab_dictionary` VALUES ('1120927971213312', '2019-01-05 14:44:57', '2019-01-07 09:25:56', '分组2的子组2', 'zu2-2', '1', null, '2', '组2-子组2', '459532355174400', '1', '0');
INSERT INTO `gem_tab_dictionary` VALUES ('1121432504041472', '2019-01-05 14:46:57', '2019-01-06 22:40:52', '分组2的子组2', 'zu2-2', 'undefined', null, '2', '组2-子组21111', '459532355174400', '2', '0');
INSERT INTO `gem_tab_dictionary` VALUES ('1210424054448128', '2019-01-05 20:40:35', '2019-01-05 20:40:35', null, null, null, null, null, '22', null, null, '0');
INSERT INTO `gem_tab_dictionary` VALUES ('1775190825172992', '2019-01-07 10:04:45', '2019-01-07 10:04:45', '分组2的子组1', 'zu1-1', '0', null, '1', '1-2', '458977872379904', null, '1');
INSERT INTO `gem_tab_dictionary` VALUES ('1782120910094336', '2019-01-07 10:32:18', '2019-01-07 15:09:20', '', '', '1', null, '2', '组1-子组1', '458977872379904', '9', '0');
INSERT INTO `gem_tab_dictionary` VALUES ('1788144371040256', '2019-01-07 10:56:14', '2019-01-07 19:04:54', '111', 'sex', '2', null, '3', '性别', '1782120910094336', '11', '1');
INSERT INTO `gem_tab_dictionary` VALUES ('1802415305850880', '2019-01-07 11:52:56', '2019-01-07 19:04:32', '11', 'mz', '2', null, '3', '民族', '1782120910094336', '11', '1');
INSERT INTO `gem_tab_dictionary` VALUES ('1859699641876480', '2019-01-07 15:40:34', '2019-01-07 15:40:34', null, '2', '3', '3', null, '满族', '1802415305850880', '1', '1');
INSERT INTO `gem_tab_dictionary` VALUES ('1870904171364352', '2019-01-07 16:25:05', '2019-01-07 19:05:18', null, '1', '3', '0', null, '男', '1788144371040256', '1', '0');
INSERT INTO `gem_tab_dictionary` VALUES ('1886445451804672', '2019-01-07 17:26:51', '2019-01-07 17:26:51', null, '22', '22', '222', null, '222', '1788144371040256', '222', '22');
INSERT INTO `gem_tab_dictionary` VALUES ('1889118368497664', '2019-01-07 17:37:28', '2019-01-07 17:37:28', null, '1', '3', '1', null, '1', '1886559364907008', '1', '0');
INSERT INTO `gem_tab_dictionary` VALUES ('1889244231172096', '2019-01-07 17:37:58', '2019-01-07 17:37:58', null, '2', '3', '2', null, '2', '1886559364907008', '2', '0');
INSERT INTO `gem_tab_dictionary` VALUES ('1911307947933696', '2019-01-07 19:05:38', '2019-01-07 19:05:38', null, '1', '3', '1', null, '女', '1788144371040256', '2', '0');
INSERT INTO `gem_tab_dictionary` VALUES ('1960537966182400', '2019-01-07 22:21:16', '2019-01-07 22:21:16', null, '11', '3', '11', null, '11', '1903470345650176', '11', '0');
INSERT INTO `gem_tab_dictionary` VALUES ('1962003581829120', '2019-01-07 22:27:05', '2019-01-14 15:37:36', '1', '121', '2', null, '3', '测试', '1120927971213312', '1', '1');
INSERT INTO `gem_tab_dictionary` VALUES ('1962078953472000', '2019-01-07 22:27:23', '2019-01-07 22:27:23', null, '1', '3', '3', null, '2', '1962003581829120', '4', '0');
INSERT INTO `gem_tab_dictionary` VALUES ('1970163977748480', '2019-01-07 22:59:31', '2019-01-07 22:59:40', null, '1', '3', '1', null, '1111', '1962003581829120', '1', '0');
INSERT INTO `gem_tab_dictionary` VALUES ('211', '2019-01-03 18:54:36', '2019-01-03 22:42:25', '汉族', 'hz', '3', '汉族', '3', '汉族', '459349521268736', '1', '0');
INSERT INTO `gem_tab_dictionary` VALUES ('212', '2019-01-03 18:54:36', '2019-01-03 22:42:39', '回族', 'hz', '3', '回族', '3', '回族', '459349521268736', '2', '0');
INSERT INTO `gem_tab_dictionary` VALUES ('458977872379904', '2019-01-03 18:54:36', '2019-01-07 18:02:32', '分组1', 'zu1', '1', null, '1', '组1-update', '-1', '1', '0');
INSERT INTO `gem_tab_dictionary` VALUES ('459349521268736', '2019-01-03 18:56:04', '2019-01-06 22:34:18', '民族字典1', 'mz1', 'undefined', null, '2', '民族6666', '458977872379904', '1', '0');
INSERT INTO `gem_tab_dictionary` VALUES ('459532355174400', '2019-01-03 18:56:48', '2019-01-04 11:59:53', '分组2', 'zu2', '1', null, '1', '组2', '-1', '2', '0');
INSERT INTO `gem_tab_dictionary` VALUES ('459868805464064', '2019-01-03 18:58:08', '2019-01-06 22:16:29', '分组2的子组1', 'zu2-1', '1', null, '2', '组2-子组1', '459532355174400', '11', '0');
INSERT INTO `gem_tab_dictionary` VALUES ('460006210863104', '2019-01-03 18:58:41', '2019-01-06 22:37:06', 'update', 'zu1-1', 'undefined', null, '2', '组11', '458977872379904', '0', '0');
INSERT INTO `gem_tab_dictionary` VALUES ('523493578571776', '2019-01-03 23:10:58', '2019-01-03 23:10:58', '维吾尔组', 'sex', '3', null, '2', '维吾尔族', '459349521268736', null, '0');


-- ----------------------------
-- Records of gem_tab_learning
-- ----------------------------
INSERT INTO `gem_tab_learning` VALUES ('1', null, null, '2', '2', '2', '1', '2', '2', '2', '2', '1', '22222', '444444444444');
INSERT INTO `gem_tab_learning` VALUES ('2', null, null, '3', '3', '3', '3', '3', '3', '3', '3', '1', '3', '3');


-- ----------------------------
-- Records of gem_tab_member
-- ----------------------------
INSERT INTO `gem_tab_member` VALUES ('1', null, null, '1', '1', '1', '1', '', '1', '2018-11-22 14:59:13', '1', '1', '1', '1', '1', '1', '2018-11-22 14:59:26', '1', '1');

-- ----------------------------
-- Table structure for `gem_tab_organ`
-- ----------------------------
DROP TABLE IF EXISTS `gem_tab_organ`;
CREATE TABLE `gem_tab_organ` (
  `id` varchar(20) NOT NULL COMMENT '主键',
  `create_time` datetime DEFAULT NULL COMMENT '创建时间',
  `update_time` datetime DEFAULT NULL COMMENT '修改时间',
  `approval_time` datetime DEFAULT NULL COMMENT '批准成立日期',
  `approval_unit` varchar(255) DEFAULT NULL COMMENT '批准成立单位',
  `organ_cause` varchar(255) DEFAULT NULL COMMENT '备注',
  `compile_number` varchar(255) DEFAULT NULL COMMENT '编织数',
  `organ_intrduc` varchar(255) DEFAULT NULL COMMENT '简介',
  `organ_levels` int(11) DEFAULT NULL COMMENT '部门级别',
  `organ_code` varchar(255) DEFAULT NULL COMMENT '机构代码',
  `organ_name` varchar(255) DEFAULT NULL COMMENT '部门名称',
  `organ_type` varchar(255) DEFAULT NULL COMMENT '部门类型',
  `parent_id` bigint(20) DEFAULT NULL COMMENT '父级',
  `set_number` varchar(255) DEFAULT NULL COMMENT '成立文号',
  `organ_unit` varchar(255) DEFAULT NULL COMMENT '单位简称',
  `valid_time` datetime DEFAULT NULL COMMENT '生效日期',
  PRIMARY KEY (`id`)
) ENGINE=InnoDB DEFAULT CHARSET=utf8;


-- ----------------------------
-- Records of gem_tab_permiss_attr
-- ----------------------------
INSERT INTO `gem_tab_permiss_attr` VALUES ('1861632784007168', '2019-01-07 15:48:15', '2019-01-07 16:45:53', '2', '1', '1');
INSERT INTO `gem_tab_permiss_attr` VALUES ('1861643424956416', '2019-01-07 15:48:17', '2019-01-07 15:48:17', '', '3', '1');
INSERT INTO `gem_tab_permiss_attr` VALUES ('1869223476002816', '2019-01-07 16:18:25', '2019-01-07 16:18:25', '111', '11', '1');
INSERT INTO `gem_tab_permiss_attr` VALUES ('1880149667282944', '2019-01-07 17:01:50', '2019-01-07 17:01:54', '2', '2', '1621295272493056');
INSERT INTO `gem_tab_permiss_attr` VALUES ('1962735252996096', '2019-01-07 22:29:59', '2019-01-07 22:29:59', '2', '1', '1433000320106496');
INSERT INTO `gem_tab_permiss_attr` VALUES ('3017887963611136', '2019-01-10 20:22:47', '2019-01-15 13:15:43', 'xm', '姓名', '3017606811025408');
INSERT INTO `gem_tab_permiss_attr` VALUES ('3017929818570752', '2019-01-10 20:22:57', '2019-01-10 20:22:57', 'nl', '年龄', '3017606811025408');
INSERT INTO `gem_tab_permiss_attr` VALUES ('3017962475421696', '2019-01-10 20:23:05', '2019-01-10 20:23:05', 'xb', '性别', '3017606811025408');
INSERT INTO `gem_tab_permiss_attr` VALUES ('3018026010738688', '2019-01-10 20:23:20', '2019-01-10 20:23:20', 'xz', '星座', '3017606811025408');
INSERT INTO `gem_tab_permiss_attr` VALUES ('3018060911542272', '2019-01-10 20:23:29', '2019-01-10 20:23:29', 'xl', '学历', '3017606811025408');
INSERT INTO `gem_tab_permiss_attr` VALUES ('434780081160192', '2019-01-03 17:18:27', '2019-01-03 17:19:18', 'ZD01', '字段1', '612');
INSERT INTO `gem_tab_permiss_attr` VALUES ('435011308945408', '2019-01-03 17:19:22', '2019-01-03 17:19:52', 'ZD02', '字段2', '612');
INSERT INTO `gem_tab_permiss_attr` VALUES ('435027566067712', '2019-01-03 17:19:26', '2019-01-03 17:20:03', 'ZD03', '字段3', '612');


-- ----------------------------
-- Records of gem_tab_permiss_param
-- ----------------------------
INSERT INTO `gem_tab_permiss_param` VALUES ('1870049078607872', '2019-01-07 16:21:41', '2019-01-07 16:21:41', '4', '4', '4', '4', null, null, '1');
INSERT INTO `gem_tab_permiss_param` VALUES ('1880191006343168', '2019-01-07 17:01:59', '2019-01-07 17:01:59', '4', '3', '5', '5', null, null, '1621295272493056');
INSERT INTO `gem_tab_permiss_param` VALUES ('1962758153895936', '2019-01-07 22:30:05', '2019-01-07 22:30:05', '3', '3', '3', '3', null, null, '1433000320106496');
INSERT INTO `gem_tab_permiss_param` VALUES ('3018184756756480', '2019-01-10 20:23:58', '2019-01-10 20:23:58', 'xm', '姓名', 'name', 'String', null, null, '3017606811025408');
INSERT INTO `gem_tab_permiss_param` VALUES ('3018257255301120', '2019-01-10 20:24:16', '2019-01-10 20:24:16', 'nl', '年龄', 'age', 'int', null, null, '3017606811025408');
INSERT INTO `gem_tab_permiss_param` VALUES ('438125923598336', '2019-01-03 17:45:48', '2019-01-03 17:45:48', 'where1', '字段1', 'name', 'string', '松', '0', '612');


-- ----------------------------
-- Records of gem_tab_permissions
-- ----------------------------
INSERT INTO `gem_tab_permissions` VALUES ('1', '2019-01-02 23:08:55', '2019-01-07 16:38:52', '描述', 'CD_1', '2', '1', '0', '工作台', '-1', '/', null);
INSERT INTO `gem_tab_permissions` VALUES ('1350391544086528', '2019-01-06 05:56:45', '2019-01-10 20:21:00', '一级', 'dd1', '', '1', '0', '一级菜单', '-1', 'yiji', null);
INSERT INTO `gem_tab_permissions` VALUES ('1838323639975936', '2019-01-07 14:15:37', '2019-01-07 15:44:59', '', '按钮编码', null, null, '1', '1', '1', '', null);
INSERT INTO `gem_tab_permissions` VALUES ('1838336034144256', '2019-01-07 14:15:40', '2019-01-07 14:22:44', '', '按钮编码', null, null, '1', '2', '1', '', null);
INSERT INTO `gem_tab_permissions` VALUES ('1838349430751232', '2019-01-07 14:15:44', '2019-01-07 14:22:47', '', '按钮编码', null, null, '1', '3', '1', '', null);
INSERT INTO `gem_tab_permissions` VALUES ('1899051176624128', '2019-01-07 18:16:56', '2019-01-07 18:16:56', '', '', null, null, '1', '1', '1433000320106496', '', null);
INSERT INTO `gem_tab_permissions` VALUES ('1899068314550272', '2019-01-07 18:17:00', '2019-01-07 18:17:04', '', '2', null, null, '1', '2', '1433000320106496', '', null);
INSERT INTO `gem_tab_permissions` VALUES ('3017533859495936', '2019-01-10 20:21:23', '2019-01-10 20:21:23', 'erji', 'erji', 'erji', '2', '0', '二级菜单', '1350391544086528', 'erji', null);
INSERT INTO `gem_tab_permissions` VALUES ('3017606811025408', '2019-01-10 20:21:40', '2019-01-17 20:40:41', 'sanji', 'sanji', 'sanji', '3', '0', '三级页面', '3017533859495936', 'auth/role/testTableWithSelect', null);
INSERT INTO `gem_tab_permissions` VALUES ('3017689539477504', '2019-01-10 20:22:00', '2019-01-17 20:40:19', 'add', 'add', null, null, '1', '添加1', '3017606811025408', 'add', null);
INSERT INTO `gem_tab_permissions` VALUES ('3017754572161024', '2019-01-10 20:22:16', '2019-01-10 20:22:16', 'chak', '查看', null, null, '1', '查看', '3017606811025408', '查看', null);
INSERT INTO `gem_tab_permissions` VALUES ('6', '2019-01-02 23:08:55', '2019-01-02 23:09:01', '描述', 'CD_6', '1', '1', '0', '系统管理', '-1', 'testPath', null);
INSERT INTO `gem_tab_permissions` VALUES ('61', '2019-01-02 23:08:55', '2019-01-02 23:09:01', '描述', 'CD_61', '1', '2', '0', '用户与授权', '6', 'testPath', null);
INSERT INTO `gem_tab_permissions` VALUES ('611', '2019-01-02 23:08:55', '2019-01-02 23:09:01', '描述', 'CD_611', '1', '3', '0', '角色管理', '61', 'auth/role/index', null);
INSERT INTO `gem_tab_permissions` VALUES ('612', '2019-01-02 23:08:55', '2019-01-02 23:09:01', '描述', 'CD_612', '1', '3', '0', '用户管理', '61', 'auth/user/index', null);
INSERT INTO `gem_tab_permissions` VALUES ('6122', '2019-01-02 23:08:55', '2019-01-07 11:55:16', '描述', 'NN_6122', '1', '4', '1', '用户详情1', '612', 'http://www.baidu.com', null);
INSERT INTO `gem_tab_permissions` VALUES ('62', '2019-01-02 23:08:55', '2019-01-06 06:41:47', '描述', 'CD_62', 'icon', '2', '0', '基础设置', '6', 'testPath', null);
INSERT INTO `gem_tab_permissions` VALUES ('621', '2019-01-02 23:08:55', '2019-01-02 23:09:01', '描述', 'CD_621', '1', '3', '0', '字典维护', '62', 'common/dic/index', null);
INSERT INTO `gem_tab_permissions` VALUES ('622', '2019-01-02 23:08:55', '2019-01-02 23:09:01', '描述', 'CD_622', '1', '3', '0', '资源管理', '62', 'auth/permissions/index', null);
INSERT INTO `gem_tab_permissions` VALUES ('63', '2019-01-02 23:08:55', '2019-01-06 06:41:39', '描述', 'CD_63', 'icon', '2', '0', '系统监控', '6', 'testPath', null);


-- ----------------------------
-- Records of gem_tab_role
-- ----------------------------
INSERT INTO `gem_tab_role` VALUES ('1', null, null, '1', '1', '1', '管理员', null);
INSERT INTO `gem_tab_role` VALUES ('2271293752410112', '2019-01-08 18:56:05', '2019-01-11 17:21:32', '', '', '4916009262448640', '角色3', '2');
INSERT INTO `gem_tab_role` VALUES ('4946797815201792', null, null, null, '2222', null, '2222', null);
INSERT INTO `gem_tab_role` VALUES ('4947229220339712', null, null, null, '2222', null, '2222', null);
INSERT INTO `gem_tab_role` VALUES ('4953320234745856', null, '2019-01-11 22:32:09', '11', '8889', '4916009262448640', '角色2', '1');
INSERT INTO `gem_tab_role` VALUES ('512223851824807936', null, null, null, null, null, null, null);
INSERT INTO `gem_tab_role` VALUES ('512225863266205696', null, null, null, '22', '1', '11', null);
INSERT INTO `gem_tab_role` VALUES ('512387324370223104', null, null, null, '2230', '2', '2230', null);
INSERT INTO `gem_tab_role` VALUES ('512387422235918336', null, null, null, '88', '2', '方法', null);
INSERT INTO `gem_tab_role` VALUES ('512387473507090432', null, null, null, '44', '512387422235918340', '44', null);
INSERT INTO `gem_tab_role` VALUES ('513482950868729856', null, null, null, '123', '513482538048552960', '123', null);
INSERT INTO `gem_tab_role` VALUES ('513483392713490432', null, null, null, '163', '513482538048552960', '158', null);
INSERT INTO `gem_tab_role` VALUES ('513483513622691840', null, null, null, '856', '513483449189793800', '856', null);
INSERT INTO `gem_tab_role` VALUES ('513483583541739520', null, null, null, '48', '513483449189793800', '84', null);

-- ----------------------------
-- Records of gem_tab_role_group
-- ----------------------------
INSERT INTO `gem_tab_role_group` VALUES ('4916009262448640', null, '2019-01-10 20:26:00', '运营组', '-1', '3');
INSERT INTO `gem_tab_role_group` VALUES ('512221872478224384', null, null, '123', '512221571083927550', null);
INSERT INTO `gem_tab_role_group` VALUES ('512222051109437440', null, null, '1234', '512221571083927550', null);
INSERT INTO `gem_tab_role_group` VALUES ('512222224145448960', null, null, '000', '512221571083927550', null);
INSERT INTO `gem_tab_role_group` VALUES ('512222417792270336', null, null, '000', '1', null);
INSERT INTO `gem_tab_role_group` VALUES ('512253692687155200', null, null, '77', '1', null);
INSERT INTO `gem_tab_role_group` VALUES ('512256300202065920', null, null, '4444', '1', null);
INSERT INTO `gem_tab_role_group` VALUES ('512386852003512320', null, null, '22101', '512386798429667300', null);
INSERT INTO `gem_tab_role_group` VALUES ('512387016155987968', null, null, '22101', '512386798429667300', null);
INSERT INTO `gem_tab_role_group` VALUES ('512387664658300928', null, null, '132', '2', null);
INSERT INTO `gem_tab_role_group` VALUES ('512387704965562368', null, null, '123', '512387664658300900', null);
INSERT INTO `gem_tab_role_group` VALUES ('513482611977355264', null, null, '22', '513482538048552960', null);
INSERT INTO `gem_tab_role_group` VALUES ('513483449189793792', null, null, '85', '513482538048552960', null);
INSERT INTO `gem_tab_role_group` VALUES ('707617706672128', null, '2019-01-04 11:44:25', '角色组测试1', '-1', '1');
INSERT INTO `gem_tab_role_group` VALUES ('713433142722560', '2019-01-04 11:45:43', '2019-01-04 12:32:46', '角色组测试1下一组', '707617706672128', '1');
INSERT INTO `gem_tab_role_group` VALUES ('713563090649088', '2019-01-04 11:46:14', '2019-01-04 12:17:58', '角色组测试1下二组', '707617706672128', '2');
INSERT INTO `gem_tab_role_group` VALUES ('713589137276928', '2019-01-04 11:46:20', '2019-01-09 15:45:59', '角色组测试1下三组', '707617706672128', '3');


-- ----------------------------
-- Records of gem_tab_role_permis
-- ----------------------------
INSERT INTO `gem_tab_role_permis` VALUES ('3646195365511169', null, null, '1', '4953320234745856');
INSERT INTO `gem_tab_role_permis` VALUES ('3646195789135873', null, null, '1350391544086528', '4953320234745856');
INSERT INTO `gem_tab_role_permis` VALUES ('3646196212760577', null, null, '3017533859495936', '4953320234745856');
INSERT INTO `gem_tab_role_permis` VALUES ('3646196653162497', null, null, '3017606811025408', '4953320234745856');
INSERT INTO `gem_tab_role_permis` VALUES ('3646198246998017', null, null, '6', '4953320234745856');
INSERT INTO `gem_tab_role_permis` VALUES ('3646198683205633', null, null, '61', '4953320234745856');
INSERT INTO `gem_tab_role_permis` VALUES ('3646199102636033', null, null, '611', '4953320234745856');
INSERT INTO `gem_tab_role_permis` VALUES ('3646200683888641', null, null, '612', '4953320234745856');
INSERT INTO `gem_tab_role_permis` VALUES ('3646201115901953', null, null, '62', '4953320234745856');
INSERT INTO `gem_tab_role_permis` VALUES ('3646202701348865', null, null, '621', '4953320234745856');
INSERT INTO `gem_tab_role_permis` VALUES ('3646203150139393', null, null, '622', '4953320234745856');
INSERT INTO `gem_tab_role_permis` VALUES ('3646203586347009', null, null, '63', '4953320234745856');
INSERT INTO `gem_tab_role_permis` VALUES ('3646204014166017', null, null, '6122', '4953320234745856');
INSERT INTO `gem_tab_role_permis` VALUES ('3646205662527489', null, null, '6122', '4953320234745856');
INSERT INTO `gem_tab_role_permis` VALUES ('3646206094540801', null, null, '1838323639975936', '4953320234745856');
INSERT INTO `gem_tab_role_permis` VALUES ('3646206522359809', null, null, '1838336034144256', '4953320234745856');
INSERT INTO `gem_tab_role_permis` VALUES ('3646206945984513', null, null, '1838349430751232', '4953320234745856');
INSERT INTO `gem_tab_role_permis` VALUES ('3646207382192129', null, null, '3017689539477504', '4953320234745856');
INSERT INTO `gem_tab_role_permis` VALUES ('511855388484698113', null, null, '1', '1');
INSERT INTO `gem_tab_role_permis` VALUES ('511855389248061441', null, null, '3', '1');
INSERT INTO `gem_tab_role_permis` VALUES ('511855389629743105', null, null, '4', '1');
INSERT INTO `gem_tab_role_permis` VALUES ('511855390015619073', null, null, '5', '1');
INSERT INTO `gem_tab_role_permis` VALUES ('511855390816731137', null, null, '7', '1');
INSERT INTO `gem_tab_role_permis` VALUES ('511855391261327361', null, null, '61', '1');
INSERT INTO `gem_tab_role_permis` VALUES ('511855391726895105', null, null, '62', '1');
INSERT INTO `gem_tab_role_permis` VALUES ('511855392184074241', null, null, '63', '1');
INSERT INTO `gem_tab_role_permis` VALUES ('511855392611893249', null, null, '611', '1');
INSERT INTO `gem_tab_role_permis` VALUES ('511855393022935041', null, null, '612', '1');
INSERT INTO `gem_tab_role_permis` VALUES ('511855393425588225', null, null, '621', '1');
INSERT INTO `gem_tab_role_permis` VALUES ('511855393865990145', null, null, '622', '1');
INSERT INTO `gem_tab_role_permis` VALUES ('511855394272837633', null, null, '6121', '1');
INSERT INTO `gem_tab_role_permis` VALUES ('511855394767765505', null, null, '6122', '1');
INSERT INTO `gem_tab_role_permis` VALUES ('511855395187195905', null, null, '6123', '1');
INSERT INTO `gem_tab_role_permis` VALUES ('511855395598237697', null, null, '6124', '1');
INSERT INTO `gem_tab_role_permis` VALUES ('5575357957341184', null, null, '1350391544086528', '2271293752410112');
INSERT INTO `gem_tab_role_permis` VALUES ('5575359320489985', null, null, '3017533859495936', '2271293752410112');
INSERT INTO `gem_tab_role_permis` VALUES ('5575359907692545', null, null, '3017606811025408', '2271293752410112');
INSERT INTO `gem_tab_role_permis` VALUES ('5575360473923585', null, null, '6122', '2271293752410112');
INSERT INTO `gem_tab_role_permis` VALUES ('5575361073709057', null, null, '6122', '2271293752410112');
INSERT INTO `gem_tab_role_permis` VALUES ('5575361652523009', null, null, '3017754572161024', '2271293752410112');


-- ----------------------------
-- Records of gem_tab_role_permis_attr
-- ----------------------------
INSERT INTO `gem_tab_role_permis_attr` VALUES ('1', null, null, '2', '612', '1');
INSERT INTO `gem_tab_role_permis_attr` VALUES ('2', null, null, '3', '612', '1');
INSERT INTO `gem_tab_role_permis_attr` VALUES ('3', null, null, '4', '612', '1');
INSERT INTO `gem_tab_role_permis_attr` VALUES ('3645897582510080', null, null, '1861632784007168', '1', '4953320234745856');
INSERT INTO `gem_tab_role_permis_attr` VALUES ('3645898081632256', null, null, '1861643424956416', '1', '4953320234745856');
INSERT INTO `gem_tab_role_permis_attr` VALUES ('3645899667079168', null, null, '1869223476002816', '1', '4953320234745856');
INSERT INTO `gem_tab_role_permis_attr` VALUES ('3646081368522752', null, null, '3017887963611136', '3017606811025408', '4953320234745856');
INSERT INTO `gem_tab_role_permis_attr` VALUES ('3646081796341760', null, null, '3017929818570752', '3017606811025408', '4953320234745856');
INSERT INTO `gem_tab_role_permis_attr` VALUES ('3646082215772160', null, null, '3018060911542272', '3017606811025408', '4953320234745856');
INSERT INTO `gem_tab_role_permis_attr` VALUES ('4', null, null, '5', '612', '1');
INSERT INTO `gem_tab_role_permis_attr` VALUES ('5', null, null, '6', '612', '1');


-- ----------------------------
-- Records of gem_tab_role_permiss_param
-- ----------------------------
INSERT INTO `gem_tab_role_permiss_param` VALUES ('1', null, null, null, '字段1', 'name', 'string', '0', 'zhangsan', '612', '1');
INSERT INTO `gem_tab_role_permiss_param` VALUES ('2', null, null, null, '字段2', 'age', 'int', '0', '3', '612', '1');
INSERT INTO `gem_tab_role_permiss_param` VALUES ('3645692321660928', null, null, null, '姓名', 'name', 'String', '111', '1', '3017606811025408', '4953320234745856');
INSERT INTO `gem_tab_role_permiss_param` VALUES ('3645692745285632', null, null, null, '年龄', 'age', 'int', '1', '3', '3017606811025408', '4953320234745856');
INSERT INTO `gem_tab_role_permiss_param` VALUES ('3645738849075200', null, null, null, '4', '4', '4', '1', '0', '1', '4953320234745856');
INSERT INTO `gem_tab_role_permiss_param` VALUES ('5575464958230528', null, null, null, '年龄', 'age', 'int', '18', '0', '3017606811025408', '2271293752410112');


-- ----------------------------
-- Records of gem_tab_user
-- ----------------------------
INSERT INTO `gem_tab_user` VALUES ('1', '2019-01-14 16:15:11', '2019-01-14 16:15:11', null, '测试用', 'test@126.com', null, null, null, '管理员', '$2a$10$i6H2IaRcHYuTRuEiys3P7Otegu9Pd0TK/t3bnFvSain7PGdU18Tum', null, '1', 'admin', null);
INSERT INTO `gem_tab_user` VALUES ('2356103992770560', '2019-01-09 00:33:06', '2019-01-11 14:54:09', null, null, '6', null, null, null, '6', '$2a$10$Lu.vi18XYCdisAmZQf/Ftu0J6blaPnFmZBfXdlxDc.UAWWH6amvRe', '6', '1', '6', null);
INSERT INTO `gem_tab_user` VALUES ('2356157214294016', '2019-01-09 00:33:19', '2019-01-11 14:54:14', null, null, '22222', null, null, null, '22222', '$2a$10$ufT.USIMFu3PFc6C/Gu7.O28KAhzQbo.497gPODcdhJ1i6GwMO34a', '222', '0', '222', null);
INSERT INTO `gem_tab_user` VALUES ('741195098292224', '2019-01-04 13:36:02', '2019-01-17 11:12:28', null, '测试用', 'wangsong@126.com', null, null, null, '王松松', '$2a$10$nIFH02MqP/0w3dKQaF5pvOY/6AtOuyTXMkcsdhkM9GGeMlGHpZTTS', '18511165624', '0', 'wangsongsong', null);

-- ----------------------------
-- Records of gem_tab_user_role
-- ----------------------------
INSERT INTO `gem_tab_user_role` VALUES ('1', null, null, null, '1', '1', null);
